{
  "input": {
    "수령예정일자": "20251015",
    "고객번호": 5556667777,
    "환전통화": "EUR",
    "여행국가": "FR",
    "현재환율": 1485.12345,
    "환전금액": 800.0,
    "수령점번호": 1033,
    "결제원화계좌": "123456789012",
    "원화연동금액": 1188098.76,
    "수령인성명": "김철수",
    "원화합계금액": 1195000.0,
    "환율적용구분": 30,
    "거래환율": 1485.12345
  },
  "output": {
    "우대여부": 1,
    "원화금액": 1188098.76,
    "환전금액": 800.0,
    "통화CODE": "EUR",
    "적용환율": 1485.12345,
    "최소금액외화": 200.0,
    "최대금액외화": 5000.0,
    "잔여한도원화": 1500000.0,
    "원화환산금액": 1188098.76,
    "고객환율": 1480.0,
    "대미환산율": 1.2,
    "우대율": 0.003,
    "보너스금액": 5000.0,
    "수수료금액": 2500.0,
    "전신료금액": 1500.0,
    "수수료환출금액": 4000.0,
    "익영업일자": "20251016",
    "원화환산합계금액": 1197098.76,
    "대미환산금액": 666.67,
    "연간실적우대율": 0.002,
    "연간실적금액": 1000000.0
  }
}