{
  "input": {
    "수령예정일자": "20250910",
    "고객번호": 9876543210,
    "환전통화": "JPY",
    "여행국가": "JP",
    "현재환율": 9.87234,
    "환전금액": 50000.0,
    "수령점번호": 1200,
    "결제원화계좌": "998877665544",
    "원화연동금액": 493617.0,
    "수령인성명": "이순신",
    "원화합계금액": 495000.0,
    "환율적용구분": 20,
    "거래환율": 9.87234
  },
  "output": {
    "우대여부": 0,
    "원화금액": 493617.0,
    "환전금액": 50000.0,
    "통화CODE": "JPY",
    "적용환율": 9.87234,
    "최소금액외화": 1000.0,
    "최대금액외화": 100000.0,
    "잔여한도원화": 3000000.0,
    "원화환산금액": 493617.0,
    "고객환율": 9.87,
    "대미환산율": 0.0075,
    "우대율": 0.0,
    "보너스금액": 0.0,
    "수수료금액": 1000.0,
    "전신료금액": 0.0,
    "수수료환출금액": 1000.0,
    "익영업일자": "20250911",
    "원화환산합계금액": 494617.0,
    "대미환산금액": 375.0,
    "연간실적우대율": 0.0,
    "연간실적금액": 0.0
  }
}